{
    "0": {
        "precision": 0.999594120034588,
        "recall": 0.9998764364265414,
        "f1-score": 0.9997352582996523,
        "support": 56651.0
    },
    "1": {
        "precision": 0.9113924050632911,
        "recall": 0.7578947368421053,
        "f1-score": 0.8275862068965517,
        "support": 95.0
    },
    "accuracy": 0.9994713283755683,
    "macro avg": {
        "precision": 0.9554932625489396,
        "recall": 0.8788855866343234,
        "f1-score": 0.913660732598102,
        "support": 56746.0
    },
    "weighted avg": {
        "precision": 0.9994464591788049,
        "recall": 0.9994713283755683,
        "f1-score": 0.9994470589572618,
        "support": 56746.0
    }
}